"path","category","allowed_line_sha256","max_count","owner"
".planning/STATE.md","migration-instruction","e2558d3e7b3d2d487f373553fc7cccf3cd58c532bf627694cd9bc8a676087ad5","1","orchestrator"
".planning/ROADMAP.md","migration-instruction","a35b5ab7e8fa1f00e8e2bc420dec700b94f7741031815c14e267d39d6ba01006","1","orchestrator"
".planning/ROADMAP.md","migration-instruction","328e3854ad28504cc2b01fb2c4b3a1eba9e57d24d34d749c1e5257f075777c7d","1","orchestrator"
".planning/phases/03-gemodelr-identity-migration/03-VALIDATION.md","migration-instruction","ca08e0a0e9a0faec19c85477c028fff42ff68699fd87925dd5c41b3f4da5ad0d","1","verifier"
".planning/phases/03-gemodelr-identity-migration/03-REVIEW.md","migration-instruction","d3f8b7f1aeffc403b959ecdf31c651be101cdaba8578cbaa08f1d6955b5c6c3d","1","verifier"
".planning/phases/03-gemodelr-identity-migration/03-REVIEW.md","migration-instruction","b522538b731fc7f4dd50a427932a7cc4ced624ed2345b58b3ddf8e475abdb2ce","1","verifier"
".planning/phases/03-gemodelr-identity-migration/03-REVIEW.md","migration-instruction","e0ad95690ce36d63a854ff8547d7ced909820ba6d380a5c8e3cc74c6606f6ef4","1","verifier"
".planning/phases/03-gemodelr-identity-migration/03-REVIEW.md","migration-instruction","ea97cdcb2de8942dd020e4174a7bdc56c289c4e2070e1c4215496f484e9ed0db","1","verifier"
".planning/phases/03-gemodelr-identity-migration/03-REVIEW.md","migration-instruction","d746757c388ff91808c944a19c1cc4b207ebf44f056d44f1e10ab160bfdb875f","1","verifier"
".planning/phases/03-gemodelr-identity-migration/03-REVIEW.md","migration-instruction","6b9cb8150eef4f64ac521a716b0c97ad79ca401bddc0861d4078bac76908cf0a","1","verifier"
".planning/phases/03-gemodelr-identity-migration/03-REVIEW.md","migration-instruction","6fb33ea513ddf87291fac42ee002994859368457481ebdfd64123222712bd78a","1","verifier"
".planning/phases/03-gemodelr-identity-migration/03-13-SUMMARY.md","migration-instruction","3debc3eac76d83387aa9a546441a4f48e1af8db74795c2e0c38a51490d4e9215","1","orchestrator"
".planning/phases/03-gemodelr-identity-migration/03-14-SUMMARY.md","migration-instruction","3debc3eac76d83387aa9a546441a4f48e1af8db74795c2e0c38a51490d4e9215","1","orchestrator"
".planning/phases/03-gemodelr-identity-migration/03-15-SUMMARY.md","migration-instruction","3debc3eac76d83387aa9a546441a4f48e1af8db74795c2e0c38a51490d4e9215","1","orchestrator"
".planning/phases/03-gemodelr-identity-migration/03-16-SUMMARY.md","migration-instruction","3debc3eac76d83387aa9a546441a4f48e1af8db74795c2e0c38a51490d4e9215","1","orchestrator"
".planning/phases/03-gemodelr-identity-migration/03-17-SUMMARY.md","migration-instruction","3debc3eac76d83387aa9a546441a4f48e1af8db74795c2e0c38a51490d4e9215","1","orchestrator"
".planning/phases/03-gemodelr-identity-migration/03-18-SUMMARY.md","migration-instruction","3debc3eac76d83387aa9a546441a4f48e1af8db74795c2e0c38a51490d4e9215","1","orchestrator"
".planning/phases/03-gemodelr-identity-migration/03-19-SUMMARY.md","migration-instruction","3debc3eac76d83387aa9a546441a4f48e1af8db74795c2e0c38a51490d4e9215","1","orchestrator"
".planning/phases/03-gemodelr-identity-migration/03-20-SUMMARY.md","migration-instruction","3debc3eac76d83387aa9a546441a4f48e1af8db74795c2e0c38a51490d4e9215","1","orchestrator"
