"path","symbol"
"R/GEModel.R","GEModel$estimateMemory"
"R/GEModel.R","GEModel$generateSolution"
"R/GEModel.R","GEModel$loadData"
"R/GEModel.R","GEModel$loadState"
"R/GEModel.R","GEModel$loadTablo"
"R/GEModel.R","GEModel$retryPostsim"
"R/GEModel.R","GEModel$saveState"
"R/GEModel.R","GEModel$setClosure"
"R/GEModel.R","GEModel$setMemoryBudget"
"R/GEModel.R","GEModel$setShocks"
"R/GEModel.R","GEModel$solveModel"
"R/RcppExports.R","@generated"
"R/coefficientProcessing.R","generateCoefficients"
"R/equationLevelGenerator.R","generateEquationLevels"
"R/equationMatrixProcessing.R","generateEquationCoefficientMatrix"
"R/equationProcessing.R","generateEquationCoefficients"
"R/equationProcessing.R","getVarCoef"
"R/equationProcessing.R","unlistVarCoef"
"R/formulaProcessing.R","generateFormulas"
"R/formulaProcessing.R","sumToMap"
"R/helpers.R","isin"
"R/helpers.R","toVector"
"R/main.R","@file"
"R/modelSerialization.R",".build_logical_state_payload"
"R/modelSerialization.R",".install_restored_logical_state"
"R/modelSerialization.R",".restore_logical_state_payload"
"R/modelSerialization.R",".serialization_capture_tablo"
"R/modelSerialization.R",".serialization_max_bytes"
"R/modelSerialization.R",".serialization_max_elements"
"R/modelSerialization.R",".serialization_model_shocks"
"R/modelSerialization.R",".serialization_object_fingerprint"
"R/modelSerialization.R",".serialization_stop"
"R/modelSerialization.R",".serialization_strip_runtime"
"R/modelSerialization.R",".serialization_validate_attributes"
"R/modelSerialization.R",".serialization_validate_names"
"R/modelSerialization.R",".serialization_validate_portable"
"R/modelSerialization.R",".serialization_validate_structure"
"R/modelSerialization.R",".validate_logical_state_payload"
"R/modelSerialization.R",".validate_reconstructed_logical_state"
"R/processCoefficientStatement.R","processCoefficientStatement"
"R/processEquationSetupStatement.R","processEquationSetupStatement"
"R/processEquationStatement.R","processEquationStatement"
"R/processFormulaStatement.R","processFormulaStatement"
"R/processReadStatement.R","processReadStatement"
"R/processSetStatement.R","processSetStatement"
"R/processTablo.R","processTablo"
"R/processUpdateStatement.R","processUpdateStatement"
"R/readProcessing.R","generateReads"
"R/setProcessing.R","correctFormula"
"R/setProcessing.R","functionToData"
"R/setProcessing.R","generateSets"
"R/setProcessing.R","normalizeIfCalls"
"R/setProcessing.R","removeFunctions"
"R/skeletonGenerator.R","generateSkeleton"
"R/sparseCompiler.R","normalizeTabloExpression"
"R/sparseCompiler.R","sparse_array_labels"
"R/sparseCompiler.R","sparse_build_index"
"R/sparseCompiler.R","sparse_build_row_layout"
"R/sparseCompiler.R","sparse_compile_spec"
"R/sparseCompiler.R","sparse_estimate_index_bytes"
"R/sparseCompiler.R","sparse_eval_expr"
"R/sparseCompiler.R","sparse_expr_data_names"
"R/sparseCompiler.R","sparse_expr_has_variable"
"R/sparseCompiler.R","sparse_expr_set_names"
"R/sparseCompiler.R","sparse_find_set_values"
"R/sparseCompiler.R","sparse_for_each_domain"
"R/sparseCompiler.R","sparse_for_each_sum"
"R/sparseCompiler.R","sparse_implicit_exogenous_zero"
"R/sparseCompiler.R","sparse_infer_simulation_equation_candidates"
"R/sparseCompiler.R","sparse_invalidate_pattern"
"R/sparseCompiler.R","sparse_materialize_labels"
"R/sparseCompiler.R","sparse_mul_expr"
"R/sparseCompiler.R","sparse_neg_expr"
"R/sparseCompiler.R","sparse_order_domains"
"R/sparseCompiler.R","sparse_parse_label"
"R/sparseCompiler.R","sparse_parse_qualifier"
"R/sparseCompiler.R","sparse_parse_ref"
"R/sparseCompiler.R","sparse_pattern_key"
"R/sparseCompiler.R","sparse_position_for_label"
"R/sparseCompiler.R","sparse_rebuild_columns"
"R/sparseCompiler.R","sparse_ref_global_position"
"R/sparseCompiler.R","sparse_ref_is_variable"
"R/sparseCompiler.R","sparse_required_formula_names"
"R/sparseCompiler.R","sparse_terms_from_expr"
"R/sparseElimination.R","sparse_btf_solve"
"R/sparseElimination.R","sparse_compact_elimination_partition"
"R/sparseElimination.R","sparse_elimination_family"
"R/sparseElimination.R","sparse_elimination_sequence"
"R/sparseElimination.R","sparse_exact_structured_solve"
"R/sparseElimination.R","sparse_gtap_elimination_partition"
"R/sparsePartition.R","sparse_block_binding_code"
"R/sparsePartition.R","sparse_block_value_sequence"
"R/sparsePartition.R","sparse_equation_block_sequence"
"R/sparsePartition.R","sparse_structured_block_partition"
"R/sparseSchur.R","sparse_schur_apply"
"R/sparseSchur.R","sparse_schur_block_multiply"
"R/sparseSchur.R","sparse_schur_build"
"R/sparseSchur.R","sparse_schur_dmperm_matching"
"R/sparseSchur.R","sparse_schur_factor_block"
"R/sparseSchur.R","sparse_schur_fgmres"
"R/sparseSchur.R","sparse_schur_greedy_matching"
"R/sparseSchur.R","sparse_schur_group_layout"
"R/sparseSchur.R","sparse_schur_interface_flags"
"R/sparseSchur.R","sparse_schur_local_matching"
"R/sparseSchur.R","sparse_schur_local_solve"
"R/sparseSchur.R","sparse_schur_norm"
"R/sparseSchur.R","sparse_schur_require_matrix"
"R/sparseSchur.R","sparse_schur_reuse_structure"
"R/sparseSchur.R","sparse_schur_solve"
"R/sparseSchur.R","sparse_schur_validate_input"
"R/sparseSchurComplement.R","sparse_dense_factor"
"R/sparseSchurComplement.R","sparse_exact_schur_apply"
"R/sparseSchurComplement.R","sparse_exact_schur_apply_preconditioner"
"R/sparseSchurComplement.R","sparse_exact_schur_build"
"R/sparseSchurComplement.R","sparse_exact_schur_group_positions"
"R/sparseSchurComplement.R","sparse_exact_schur_reconstruct"
"R/sparseSchurComplement.R","sparse_exact_schur_reduce_rhs"
"R/sparseSchurComplement.R","sparse_exact_schur_solve"
"R/sparseSchurComplement.R","sparse_exact_schur_solve_factor"
"R/sparseSchurComplement.R","sparse_exact_schur_validate_partition"
"R/sparseSchurComplement.R","sparse_external_block_partition"
"R/sparseSchurComplement.R","sparse_promote_cross_commodity_families"
"R/sparseSchurComplement.R","sparse_scale_dgCMatrix"
"R/sparseSolver.R",".commit_accepted_state"
"R/sparseSolver.R",".commit_legacy_state"
"R/sparseSolver.R",".commit_postsim_state"
"R/sparseSolver.R",".postsim_failure_diagnostics"
"R/sparseSolver.R",".retry_postsim_from_record"
"R/sparseSolver.R",".sparse_accept_candidate"
"R/sparseSolver.R",".sparse_solve_model_impl"
"R/sparseSolver.R",".sparse_solve_one_step_impl"
"R/sparseSolver.R",".transaction_failure_diagnostics"
"R/sparseSolver.R",".transaction_fault"
"R/sparseSolver.R",".transaction_phase"
"R/sparseSolver.R","legacy_shocks_from_explicit"
"R/sparseSolver.R","solve_sparse_system"
"R/sparseSolver.R","sparse_add_solution"
"R/sparseSolver.R","sparse_advance_applied_shocks"
"R/sparseSolver.R","sparse_aggregate_triplets"
"R/sparseSolver.R","sparse_apply_shocks"
"R/sparseSolver.R","sparse_apply_solution"
"R/sparseSolver.R","sparse_apply_update_vectorized"
"R/sparseSolver.R","sparse_apply_updates"
"R/sparseSolver.R","sparse_as_sparsem_csr"
"R/sparseSolver.R","sparse_change_mask"
"R/sparseSolver.R","sparse_check_budget"
"R/sparseSolver.R","sparse_checkpoint_state"
"R/sparseSolver.R","sparse_data_linear_index"
"R/sparseSolver.R","sparse_emit_system"
"R/sparseSolver.R","sparse_emit_system_scalar"
"R/sparseSolver.R","sparse_emit_system_vectorized"
"R/sparseSolver.R","sparse_endogenous_labels"
"R/sparseSolver.R","sparse_estimate_memory"
"R/sparseSolver.R","sparse_eval_expr_vectorized"
"R/sparseSolver.R","sparse_extrapolate_steps"
"R/sparseSolver.R","sparse_gc_bytes"
"R/sparseSolver.R","sparse_global_for_ref"
"R/sparseSolver.R","sparse_initialize_update_target"
"R/sparseSolver.R","sparse_initialize_update_targets"
"R/sparseSolver.R","sparse_lhs_column_order"
"R/sparseSolver.R","sparse_make_state"
"R/sparseSolver.R","sparse_normalize_shocks"
"R/sparseSolver.R","sparse_process_tablo"
"R/sparseSolver.R","sparse_project_outputs"
"R/sparseSolver.R","sparse_reduce_system"
"R/sparseSolver.R","sparse_ref_value"
"R/sparseSolver.R","sparse_resolve_shocks"
"R/sparseSolver.R","sparse_restore_checkpoint"
"R/sparseSolver.R","sparse_restrict_index"
"R/sparseSolver.R","sparse_select_simulation_index"
"R/sparseSolver.R","sparse_set_closure_state"
"R/sparseSolver.R","sparse_set_data_ref"
"R/sparseSolver.R","sparse_set_global_value"
"R/sparseSolver.R","sparse_set_memory_budget_state"
"R/sparseSolver.R","sparse_set_shocks_state"
"R/sparseSolver.R","sparse_shock_lookup"
"R/sparseSolver.R","sparse_shock_map"
"R/sparseSolver.R","sparse_shocks_from_variable_values"
"R/sparseSolver.R","sparse_solve_model"
"R/sparseSolver.R","sparse_solve_one_step"
"R/sparseSolver.R","sparse_state_data"
"R/sparseSolver.R","sparse_subset_output"
"R/sparseSolver.R","sparse_substep_shocks"
"R/sparseSolver.R","sparse_triplet_capacity"
"R/sparseSolver.R","sparse_true_residual"
"R/sparseSolver.R","sparse_variable_label"
"R/sparseSolver.R","sparse_vectorized_bindings"
"R/sparseSolver.R","sparse_vectorized_expr_supported"
"R/sparseSolver.R","sparse_vectorized_index_value"
"R/sparseSolver.R","sparse_vectorized_positions"
"R/sparseSolver.R","sparse_vectorized_ref_positions"
"R/sparseSuiteSparse.R","sparse_suite_sparse_available"
"R/sparseSuiteSparse.R","sparse_suite_sparse_ordering"
"R/tabloToStatements.R","breakLine"
"R/tabloToStatements.R","cleanLine"
"R/tabloToStatements.R","fileToLines"
"R/tabloToStatements.R","generateParsedInput"
"R/tabloToStatements.R","generateParsedInputEquation"
"R/tabloToStatements.R","readEquationName"
"R/tabloToStatements.R","readFirstWord"
"R/tabloToStatements.R","removeComments"
"R/tabloToStatements.R","tabloToStatements"
"R/updateGenerator.R","generateUpdates"
"R/variableGenerator.R","generateVariables"
"R/zzzSparseSchurCpp.R",".sparse_cpp_aggregate_diagnostics"
"R/zzzSparseSchurCpp.R",".sparse_cpp_dense_factor"
"R/zzzSparseSchurCpp.R",".sparse_cpp_pattern_entry"
"R/zzzSparseSchurCpp.R",".sparse_cpp_release_live_factors"
"R/zzzSparseSchurCpp.R",".sparse_cpp_sum_counters"
"R/zzzSparseSchurCpp.R",".sparse_exact_schur_build_cpp"
"R/zzzSparseSchurCpp.R",".sparse_schur_cpp_require_impl"
"R/zzzSparseSchurCpp.R",".sparse_schur_cpp_reset"
"R/zzzSparseSchurCpp.R","sparse_exact_schur_build"
"R/zzzSparseSchurCpp.R","sparse_exact_schur_solve"
"R/zzzSparseSchurCpp.R","sparse_exact_schur_solve_factor"
"R/zzzSparseSchurCpp.R","sparse_make_state"
"R/zzzSparseSchurCpp.R","sparse_set_closure_state"
"R/zzzSparseSchurCpp.R","sparse_solve_model"
"R/zzzSparseSchurCpp.R","sparse_solve_one_step"
"R/zzzzSparseSchurOpenMP.R",".tabloToR_schur_accumulate_batch"
"R/zzzzzSchurDiagnostics.R",".sparse_reference_schur_aggregate"
"R/zzzzzSchurDiagnostics.R","sparse_dense_factor"
"R/zzzzzSchurDiagnostics.R","sparse_exact_schur_build"
"R/zzzzzSchurDiagnostics.R","sparse_exact_schur_solve_factor"
"R/zzzzzSchurDiagnostics.R","sparse_solve_model"
"inst/cpp/sparse-elimination.cpp","tabloToR_eliminate_blocks"
"inst/cpp/sparse-elimination.cpp","tabloToR_reconstruct_blocks"
"inst/cpp/sparse-elimination.cpp","tablo_edge_begin"
"inst/cpp/sparse-elimination.cpp","tablo_edge_dot"
"inst/cpp/sparse-elimination.cpp","tablo_edge_end"
"inst/cpp/sparse-elimination.cpp","tablo_edge_less"
"inst/cpp/sparse-elimination.cpp","tablo_factor"
"inst/cpp/sparse-elimination.cpp","tablo_layout"
"inst/cpp/sparse-elimination.cpp","tablo_solve"
"inst/cpp/sparse-elimination.cpp","tablo_sparse_matrix"
"inst/cpp/sparse-elimination.cpp","tablo_triplet_less"
"inst/cpp/sparse-elimination.cpp","tablo_validate_groups"
"src/RcppExports.cpp","@generated"
"src/dense-schur.cpp","tabloToR_dense_lu_factor"
"src/dense-schur.cpp","tabloToR_dense_lu_release"
"src/dense-schur.cpp","tabloToR_dense_lu_solve"
"src/dense-schur.cpp","tablo_dense_lu_finalizer"
"src/dense-schur.cpp","tablo_dense_lu_get"
"src/sparse-elimination.cpp","tabloToR_eliminate_blocks"
"src/sparse-elimination.cpp","tabloToR_reconstruct_blocks"
"src/sparse-elimination.cpp","tablo_edge_begin"
"src/sparse-elimination.cpp","tablo_edge_dot"
"src/sparse-elimination.cpp","tablo_edge_end"
"src/sparse-elimination.cpp","tablo_edge_less"
"src/sparse-elimination.cpp","tablo_factor"
"src/sparse-elimination.cpp","tablo_layout"
"src/sparse-elimination.cpp","tablo_solve"
"src/sparse-elimination.cpp","tablo_sparse_matrix"
"src/sparse-elimination.cpp","tablo_triplet_less"
"src/sparse-elimination.cpp","tablo_validate_groups"
"src/sparse-lu.cpp","tabloToR_schur_cpp_capabilities"
"src/sparse-lu.cpp","tabloToR_sparse_lu_solve"
"src/sparse-lu.cpp","tabloToR_sparse_pattern_hash"
"src/sparse-lu.cpp","tablo_hash_mix"
"src/sparse-schur-openmp.cpp","tabloToR_schur_accumulate_batch_parallel"
"src/sparse-schur-openmp.cpp","tablo_parallel_elapsed"
"src/sparse-schur-openmp.cpp","tablo_parallel_fill"
"src/sparse-schur-openmp.cpp","tablo_parallel_positions"
"src/sparse-schur-openmp.cpp","tablo_parallel_slice"
"src/sparse-schur-openmp.cpp","tablo_parallel_solve"
"src/sparse-schur.cpp","tabloToR_schur_accumulate_batch"
"src/sparse-schur.cpp","tabloToR_schur_accumulate_global"
"src/sparse-schur.cpp","tablo_counter_list"
"src/sparse-schur.cpp","tablo_dense_slice"
"src/sparse-schur.cpp","tablo_elapsed"
"src/sparse-schur.cpp","tablo_fill_panel"
"src/sparse-schur.cpp","tablo_positions"
"src/sparse-schur.cpp","tablo_region_positions"
"src/sparse-schur.cpp","tablo_validate_schur_inputs"
"src/tablo-sparse-lu.h","tablo_checked_product"
"src/tablo-sparse-lu.h","tablo_csc_view"
"src/tablo-sparse-lu.h","tablo_sparse_lu_solve_inplace"
"src/tablo-sparse-lu.h","tablo_sparse_lu_view"
"src/tablo-sparse-lu.h","tablo_triangular_diagonal"
"src/tablo-sparse-lu.h","tablo_validate_permutation"
