"previous_key_count","current_key_count","key","change","old_hash","accepted_hash","source_lines","first_local_commit","classification","contributors","copyright_holder","license_basis","evidence","status","reviewer","review_date","disposition"
250,280,"R/GEModel.R::GEModel$loadData","expression-hash-changed","d7d619483648ae31f5222d111b99e623","95a73319dd84b136124780ebdadf196d","74-120","7407b540db8c8a066d07b1abed2879cb9ca31e43","inherited-modified","David Zenz; Maros Ivanic; mivanicERS","none for upstream federal work; David Zenz for post-baseline modifications","public-domain-cc0 baseline plus provisional Apache-2.0 modifications pending dependency compatibility audit","source-lines:74-120; first-local-commit:7407b540db8c8a066d07b1abed2879cb9ca31e43; Git history is audit evidence, not ownership proof","reviewed-mixed-provisional","David Zenz","2026-09-09","accepted"
250,280,"R/GEModel.R::GEModel$loadState","added","","02c4311b17af9b1a342a8eacd66a8231","170-193","152e82dc215b64f5c68c767c70696342fa56d99f","new-independent","David Zenz","David Zenz","provisional Apache-2.0 pending dependency compatibility audit","source-lines:170-193; first-local-commit:152e82dc215b64f5c68c767c70696342fa56d99f; Git history is audit evidence, not ownership proof","reviewed-provisional","David Zenz","2026-09-09","accepted"
250,280,"R/GEModel.R::GEModel$loadTablo","expression-hash-changed","458cbd6f2ac8d5714e388ada00c2e0d1","eac4abcc08475f4ac9c7cc9ea87b090e","40-73","7407b540db8c8a066d07b1abed2879cb9ca31e43","inherited-modified","David Zenz; Maros Ivanic; mivanicERS","none for upstream federal work; David Zenz for post-baseline modifications","public-domain-cc0 baseline plus provisional Apache-2.0 modifications pending dependency compatibility audit","source-lines:40-73; first-local-commit:7407b540db8c8a066d07b1abed2879cb9ca31e43; Git history is audit evidence, not ownership proof","reviewed-mixed-provisional","David Zenz","2026-09-09","accepted"
250,280,"R/GEModel.R::GEModel$retryPostsim","added","","c5c97b175f579e745269652873973936","158-160","47014771038bea32b1f088157aeacb84e44718e9","new-independent","David Zenz","David Zenz","provisional Apache-2.0 pending dependency compatibility audit","source-lines:158-160; first-local-commit:47014771038bea32b1f088157aeacb84e44718e9; Git history is audit evidence, not ownership proof","reviewed-provisional","David Zenz","2026-09-09","accepted"
250,280,"R/GEModel.R::GEModel$saveState","added","","7a79801e17d30bae761e647ca958966a","161-169","152e82dc215b64f5c68c767c70696342fa56d99f","new-independent","David Zenz","David Zenz","provisional Apache-2.0 pending dependency compatibility audit","source-lines:161-169; first-local-commit:152e82dc215b64f5c68c767c70696342fa56d99f; Git history is audit evidence, not ownership proof","reviewed-provisional","David Zenz","2026-09-09","accepted"
250,280,"R/GEModel.R::GEModel$solveModel","expression-hash-changed","268bc4dc04823ff73726845b8ab088c9","fe6655186239ec3f7804f531b02ab0c9","277-577","7407b540db8c8a066d07b1abed2879cb9ca31e43","inherited-modified","David Zenz; Maros Ivanic; mivanicERS","none for upstream federal work; David Zenz for post-baseline modifications","public-domain-cc0 baseline plus provisional Apache-2.0 modifications pending dependency compatibility audit","source-lines:277-577; first-local-commit:7407b540db8c8a066d07b1abed2879cb9ca31e43; Git history is audit evidence, not ownership proof","reviewed-mixed-provisional","David Zenz","2026-09-09","accepted"
250,280,"R/modelSerialization.R::.build_logical_state_payload","added","","56a3fb0d44b8922509e4ad5268e23dea","215-258","152e82dc215b64f5c68c767c70696342fa56d99f","new-independent","David Zenz","David Zenz","provisional Apache-2.0 pending dependency compatibility audit","source-lines:215-258; first-local-commit:152e82dc215b64f5c68c767c70696342fa56d99f; Git history is audit evidence, not ownership proof","reviewed-provisional","David Zenz","2026-09-09","accepted"
250,280,"R/modelSerialization.R::.install_restored_logical_state","added","","1243945520e53de6647d80fbddf90424","707-713","152e82dc215b64f5c68c767c70696342fa56d99f","new-independent","David Zenz","David Zenz","provisional Apache-2.0 pending dependency compatibility audit","source-lines:707-713; first-local-commit:152e82dc215b64f5c68c767c70696342fa56d99f; Git history is audit evidence, not ownership proof","reviewed-provisional","David Zenz","2026-09-09","accepted"
250,280,"R/modelSerialization.R::.restore_logical_state_payload","added","","7acf77233822f64564a813dd721a5dc1","655-705","152e82dc215b64f5c68c767c70696342fa56d99f","new-independent","David Zenz","David Zenz","provisional Apache-2.0 pending dependency compatibility audit","source-lines:655-705; first-local-commit:152e82dc215b64f5c68c767c70696342fa56d99f; Git history is audit evidence, not ownership proof","reviewed-provisional","David Zenz","2026-09-09","accepted"
250,280,"R/modelSerialization.R::.serialization_capture_tablo","added","","cfd67ac1689cf91758bef873ec54ce6a","33-52","152e82dc215b64f5c68c767c70696342fa56d99f","new-independent","David Zenz","David Zenz","provisional Apache-2.0 pending dependency compatibility audit","source-lines:33-52; first-local-commit:152e82dc215b64f5c68c767c70696342fa56d99f; Git history is audit evidence, not ownership proof","reviewed-provisional","David Zenz","2026-09-09","accepted"
250,280,"R/modelSerialization.R::.serialization_max_bytes","added","","674eba33b37cfec05e91a031a13ec7e0","6-10","152e82dc215b64f5c68c767c70696342fa56d99f","new-independent","David Zenz","David Zenz","provisional Apache-2.0 pending dependency compatibility audit","source-lines:6-10; first-local-commit:152e82dc215b64f5c68c767c70696342fa56d99f; Git history is audit evidence, not ownership proof","reviewed-provisional","David Zenz","2026-09-09","accepted"
250,280,"R/modelSerialization.R::.serialization_max_elements","added","","93f0f4b04ae0208e5b69f06bf5f67e70","12-16","152e82dc215b64f5c68c767c70696342fa56d99f","new-independent","David Zenz","David Zenz","provisional Apache-2.0 pending dependency compatibility audit","source-lines:12-16; first-local-commit:152e82dc215b64f5c68c767c70696342fa56d99f; Git history is audit evidence, not ownership proof","reviewed-provisional","David Zenz","2026-09-09","accepted"
250,280,"R/modelSerialization.R::.serialization_model_shocks","added","","460203f50f1b027831fe318fe124489e","197-213","152e82dc215b64f5c68c767c70696342fa56d99f","new-independent","David Zenz","David Zenz","provisional Apache-2.0 pending dependency compatibility audit","source-lines:197-213; first-local-commit:152e82dc215b64f5c68c767c70696342fa56d99f; Git history is audit evidence, not ownership proof","reviewed-provisional","David Zenz","2026-09-09","accepted"
250,280,"R/modelSerialization.R::.serialization_object_fingerprint","added","","87ff1ddf1b18e56d31bdd76665e696c3","22-31","152e82dc215b64f5c68c767c70696342fa56d99f","new-independent","David Zenz","David Zenz","provisional Apache-2.0 pending dependency compatibility audit","source-lines:22-31; first-local-commit:152e82dc215b64f5c68c767c70696342fa56d99f; Git history is audit evidence, not ownership proof","reviewed-provisional","David Zenz","2026-09-09","accepted"
250,280,"R/modelSerialization.R::.serialization_stop","added","","2d44f449a03c096c0312820d1f5bd04e","18-20","152e82dc215b64f5c68c767c70696342fa56d99f","new-independent","David Zenz","David Zenz","provisional Apache-2.0 pending dependency compatibility audit","source-lines:18-20; first-local-commit:152e82dc215b64f5c68c767c70696342fa56d99f; Git history is audit evidence, not ownership proof","reviewed-provisional","David Zenz","2026-09-09","accepted"
250,280,"R/modelSerialization.R::.serialization_strip_runtime","added","","5292d1237c16703069ef078d9584523a","182-195","152e82dc215b64f5c68c767c70696342fa56d99f","new-independent","David Zenz","David Zenz","provisional Apache-2.0 pending dependency compatibility audit","source-lines:182-195; first-local-commit:152e82dc215b64f5c68c767c70696342fa56d99f; Git history is audit evidence, not ownership proof","reviewed-provisional","David Zenz","2026-09-09","accepted"
250,280,"R/modelSerialization.R::.serialization_validate_attributes","added","","8dcec6b749a09c6670f9f1c125758f40","75-123","15f09395bb77b6ed78ddf3df77742d6f1e2b14ba","new-independent","David Zenz","David Zenz","provisional Apache-2.0 pending dependency compatibility audit","source-lines:75-123; first-local-commit:15f09395bb77b6ed78ddf3df77742d6f1e2b14ba; Git history is audit evidence, not ownership proof","reviewed-provisional","David Zenz","2026-09-09","accepted"
250,280,"R/modelSerialization.R::.serialization_validate_names","added","","ff2d8ab7cd235d7748255d2333a88647","54-73","152e82dc215b64f5c68c767c70696342fa56d99f","new-independent","David Zenz","David Zenz","provisional Apache-2.0 pending dependency compatibility audit","source-lines:54-73; first-local-commit:152e82dc215b64f5c68c767c70696342fa56d99f; Git history is audit evidence, not ownership proof","reviewed-provisional","David Zenz","2026-09-09","accepted"
250,280,"R/modelSerialization.R::.serialization_validate_portable","added","","1488daeb288e8774cf819f22f626cb2c","125-180","152e82dc215b64f5c68c767c70696342fa56d99f","new-independent","David Zenz","David Zenz","provisional Apache-2.0 pending dependency compatibility audit","source-lines:125-180; first-local-commit:152e82dc215b64f5c68c767c70696342fa56d99f; Git history is audit evidence, not ownership proof","reviewed-provisional","David Zenz","2026-09-09","accepted"
250,280,"R/modelSerialization.R::.serialization_validate_structure","added","","ad898a4d8c477bed4e8025e538735d82","408-462","15f09395bb77b6ed78ddf3df77742d6f1e2b14ba","new-independent","David Zenz","David Zenz","provisional Apache-2.0 pending dependency compatibility audit","source-lines:408-462; first-local-commit:15f09395bb77b6ed78ddf3df77742d6f1e2b14ba; Git history is audit evidence, not ownership proof","reviewed-provisional","David Zenz","2026-09-09","accepted"
250,280,"R/modelSerialization.R::.validate_logical_state_payload","added","","36f6aceed2fe5d0c37e205a24e0ea6d8","260-406","152e82dc215b64f5c68c767c70696342fa56d99f","new-independent","David Zenz","David Zenz","provisional Apache-2.0 pending dependency compatibility audit","source-lines:260-406; first-local-commit:152e82dc215b64f5c68c767c70696342fa56d99f; Git history is audit evidence, not ownership proof","reviewed-provisional","David Zenz","2026-09-09","accepted"
250,280,"R/modelSerialization.R::.validate_reconstructed_logical_state","added","","f6fa467e4286cf38c71913b2f74f4554","464-653","15f09395bb77b6ed78ddf3df77742d6f1e2b14ba","new-independent","David Zenz","David Zenz","provisional Apache-2.0 pending dependency compatibility audit","source-lines:464-653; first-local-commit:15f09395bb77b6ed78ddf3df77742d6f1e2b14ba; Git history is audit evidence, not ownership proof","reviewed-provisional","David Zenz","2026-09-09","accepted"
250,280,"R/sparseSolver.R::.commit_accepted_state","added","","0c9059e89ab4519ff7e1c0323e3c6ad7","68-90","22c2ef210c83fe464c9bd75d99e2ea62091e078d","new-independent","David Zenz","David Zenz","provisional Apache-2.0 pending dependency compatibility audit","source-lines:68-90; first-local-commit:22c2ef210c83fe464c9bd75d99e2ea62091e078d; Git history is audit evidence, not ownership proof","reviewed-provisional","David Zenz","2026-09-09","accepted"
250,280,"R/sparseSolver.R::.commit_legacy_state","added","","eccaf3dcad769164faf1d398c266d2f1","177-195","22c2ef210c83fe464c9bd75d99e2ea62091e078d","new-independent","David Zenz","David Zenz","provisional Apache-2.0 pending dependency compatibility audit","source-lines:177-195; first-local-commit:22c2ef210c83fe464c9bd75d99e2ea62091e078d; Git history is audit evidence, not ownership proof","reviewed-provisional","David Zenz","2026-09-09","accepted"
250,280,"R/sparseSolver.R::.commit_postsim_state","added","","c060758f2c8c80290a1c29ee51b0d3be","92-108","22c2ef210c83fe464c9bd75d99e2ea62091e078d","new-independent","David Zenz","David Zenz","provisional Apache-2.0 pending dependency compatibility audit","source-lines:92-108; first-local-commit:22c2ef210c83fe464c9bd75d99e2ea62091e078d; Git history is audit evidence, not ownership proof","reviewed-provisional","David Zenz","2026-09-09","accepted"
250,280,"R/sparseSolver.R::.postsim_failure_diagnostics","added","","e7d3b22fb788eb6e43ca244dc1c710a9","52-66","47014771038bea32b1f088157aeacb84e44718e9","new-independent","David Zenz","David Zenz","provisional Apache-2.0 pending dependency compatibility audit","source-lines:52-66; first-local-commit:47014771038bea32b1f088157aeacb84e44718e9; Git history is audit evidence, not ownership proof","reviewed-provisional","David Zenz","2026-09-09","accepted"
250,280,"R/sparseSolver.R::.retry_postsim_from_record","added","","b9d8865a1bd8cd00ea5a311038fac3f1","110-175","22c2ef210c83fe464c9bd75d99e2ea62091e078d","new-independent","David Zenz","David Zenz","provisional Apache-2.0 pending dependency compatibility audit","source-lines:110-175; first-local-commit:22c2ef210c83fe464c9bd75d99e2ea62091e078d; Git history is audit evidence, not ownership proof","reviewed-provisional","David Zenz","2026-09-09","accepted"
250,280,"R/sparseSolver.R::.sparse_accept_candidate","added","","2bf1dfed8e807779bc97234a8111b3b8","1515-1617","21b93e51386ac991349570251b65d0e331e83a44","new-independent","David Zenz","David Zenz","provisional Apache-2.0 pending dependency compatibility audit","source-lines:1515-1617; first-local-commit:21b93e51386ac991349570251b65d0e331e83a44; Git history is audit evidence, not ownership proof","reviewed-provisional","David Zenz","2026-09-09","accepted"
250,280,"R/sparseSolver.R::.sparse_solve_model_impl","added","","11e3cae3fe0bf70199d20fadd16b936b","2271-2508","8c264155c39f7adffe8296cd3ee09c29dc9023c4","new-independent","David Zenz","David Zenz","provisional Apache-2.0 pending dependency compatibility audit","source-lines:2271-2508; first-local-commit:8c264155c39f7adffe8296cd3ee09c29dc9023c4; Git history is audit evidence, not ownership proof","reviewed-provisional","David Zenz","2026-09-09","accepted"
250,280,"R/sparseSolver.R::.sparse_solve_one_step_impl","added","","3e8ca4b217924826cff58a026c4598fc","2123-2260","8c264155c39f7adffe8296cd3ee09c29dc9023c4","new-independent","David Zenz","David Zenz","provisional Apache-2.0 pending dependency compatibility audit","source-lines:2123-2260; first-local-commit:8c264155c39f7adffe8296cd3ee09c29dc9023c4; Git history is audit evidence, not ownership proof","reviewed-provisional","David Zenz","2026-09-09","accepted"
250,280,"R/sparseSolver.R::.transaction_failure_diagnostics","added","","0bac35a2d26c518b07ec4146113c7052","38-50","22c2ef210c83fe464c9bd75d99e2ea62091e078d","new-independent","David Zenz","David Zenz","provisional Apache-2.0 pending dependency compatibility audit","source-lines:38-50; first-local-commit:22c2ef210c83fe464c9bd75d99e2ea62091e078d; Git history is audit evidence, not ownership proof","reviewed-provisional","David Zenz","2026-09-09","accepted"
250,280,"R/sparseSolver.R::.transaction_fault","added","","1101472d2c908866a18cc084fccca97b","13-24","22c2ef210c83fe464c9bd75d99e2ea62091e078d","new-independent","David Zenz","David Zenz","provisional Apache-2.0 pending dependency compatibility audit","source-lines:13-24; first-local-commit:22c2ef210c83fe464c9bd75d99e2ea62091e078d; Git history is audit evidence, not ownership proof","reviewed-provisional","David Zenz","2026-09-09","accepted"
250,280,"R/sparseSolver.R::.transaction_phase","added","","2421ddd2adcc9f1846cb09bdfcf030dc","26-36","22c2ef210c83fe464c9bd75d99e2ea62091e078d","new-independent","David Zenz","David Zenz","provisional Apache-2.0 pending dependency compatibility audit","source-lines:26-36; first-local-commit:22c2ef210c83fe464c9bd75d99e2ea62091e078d; Git history is audit evidence, not ownership proof","reviewed-provisional","David Zenz","2026-09-09","accepted"
250,280,"R/sparseSolver.R::legacy_shocks_from_explicit","expression-hash-changed","b99fcb4206ed0e14895a4efe26956017","42f6f25fa0567fdf28206a2a6602dfbd","274-311","8c264155c39f7adffe8296cd3ee09c29dc9023c4","new-independent","David Zenz","David Zenz","provisional Apache-2.0 pending dependency compatibility audit","source-lines:274-311; first-local-commit:8c264155c39f7adffe8296cd3ee09c29dc9023c4; Git history is audit evidence, not ownership proof","reviewed-provisional","David Zenz","2026-09-09","accepted"
250,280,"R/sparseSolver.R::sparse_shocks_from_variable_values","expression-hash-changed","e79776a1e1952d21ac93d4ca6d721c28","6b1f693ff037a44e1f56d31380be25f2","579-600","8c264155c39f7adffe8296cd3ee09c29dc9023c4","new-independent","David Zenz","David Zenz","provisional Apache-2.0 pending dependency compatibility audit","source-lines:579-600; first-local-commit:8c264155c39f7adffe8296cd3ee09c29dc9023c4; Git history is audit evidence, not ownership proof","reviewed-provisional","David Zenz","2026-09-09","accepted"
250,280,"R/sparseSolver.R::sparse_solve_model","expression-hash-changed","c47090e6a3356f14b3742b09379f61b1","397cc59a8f6847f0cceacb113948de25","2510-2542","22c2ef210c83fe464c9bd75d99e2ea62091e078d","new-independent","David Zenz","David Zenz","provisional Apache-2.0 pending dependency compatibility audit","source-lines:2510-2542; first-local-commit:22c2ef210c83fe464c9bd75d99e2ea62091e078d; Git history is audit evidence, not ownership proof","reviewed-provisional","David Zenz","2026-09-09","accepted"
250,280,"R/sparseSolver.R::sparse_solve_one_step","expression-hash-changed","3b3c74bd4a4266360d7f959e20a19ab5","73d383416013ddfbad6c4e754be43160","2262-2269","9fcee45c4aa2343c46a2d8ed871a13678df47224","new-independent","David Zenz","David Zenz","provisional Apache-2.0 pending dependency compatibility audit","source-lines:2262-2269; first-local-commit:9fcee45c4aa2343c46a2d8ed871a13678df47224; Git history is audit evidence, not ownership proof","reviewed-provisional","David Zenz","2026-09-09","accepted"
250,280,"R/zzzSparseSchurCpp.R::sparse_solve_model","expression-hash-changed","f86d5855ef4b07587b7faf003367bb39","7c71d66aaee24faaac4eed9bf07cc1db","578-643","c9cb44d7af917d599ef571e287bdb8a267a56dfb","new-independent","David Zenz","David Zenz","provisional Apache-2.0 pending dependency compatibility audit","source-lines:578-643; first-local-commit:c9cb44d7af917d599ef571e287bdb8a267a56dfb; Git history is audit evidence, not ownership proof","reviewed-provisional","David Zenz","2026-09-09","accepted"
250,280,"R/zzzSparseSchurCpp.R::sparse_solve_one_step","expression-hash-changed","f6377c49724d94b5c19731f607d1b339","d68bbb4c1b3c9cdb7b5dcfabacdd944c","517-547","c9cb44d7af917d599ef571e287bdb8a267a56dfb","new-independent","David Zenz","David Zenz","provisional Apache-2.0 pending dependency compatibility audit","source-lines:517-547; first-local-commit:c9cb44d7af917d599ef571e287bdb8a267a56dfb; Git history is audit evidence, not ownership proof","reviewed-provisional","David Zenz","2026-09-09","accepted"
