"kind","name","tier","type","signature","defaults","output","serialization","COMP_01","COMP_02","COMP_03","notes"
"export","breakLine","internal","function","","","call-dependent","not-applicable",FALSE,FALSE,TRUE,"observed-export-pattern"
"export","cleanLine","internal","function","","","call-dependent","not-applicable",FALSE,FALSE,TRUE,"observed-export-pattern"
"export","correctFormula","internal","function","","","call-dependent","not-applicable",FALSE,FALSE,TRUE,"observed-export-pattern"
"export","fileToLines","internal","function","","","call-dependent","not-applicable",FALSE,FALSE,TRUE,"observed-export-pattern"
"export","functionToData","internal","function","","","call-dependent","not-applicable",FALSE,FALSE,TRUE,"observed-export-pattern"
"export","GEModel","supported","function","","","reference-class-generator","not-applicable",TRUE,TRUE,TRUE,"documented-entry-point"
"export","generateCoefficients","internal","function","","","call-dependent","not-applicable",FALSE,FALSE,TRUE,"observed-export-pattern"
"export","generateEquationCoefficientMatrix","internal","function","","","call-dependent","not-applicable",FALSE,FALSE,TRUE,"observed-export-pattern"
"export","generateEquationCoefficients","internal","function","","","call-dependent","not-applicable",FALSE,FALSE,TRUE,"observed-export-pattern"
"export","generateEquationLevels","internal","function","","","call-dependent","not-applicable",FALSE,FALSE,TRUE,"observed-export-pattern"
"export","generateFormulas","internal","function","","","call-dependent","not-applicable",FALSE,FALSE,TRUE,"observed-export-pattern"
"export","generateParsedInput","internal","function","","","call-dependent","not-applicable",FALSE,FALSE,TRUE,"observed-export-pattern"
"export","generateParsedInputEquation","internal","function","","","call-dependent","not-applicable",FALSE,FALSE,TRUE,"observed-export-pattern"
"export","generateReads","internal","function","","","call-dependent","not-applicable",FALSE,FALSE,TRUE,"observed-export-pattern"
"export","generateSets","internal","function","","","call-dependent","not-applicable",FALSE,FALSE,TRUE,"observed-export-pattern"
"export","generateSkeleton","internal","function","","","call-dependent","not-applicable",FALSE,FALSE,TRUE,"observed-export-pattern"
"export","generateUpdates","internal","function","","","call-dependent","not-applicable",FALSE,FALSE,TRUE,"observed-export-pattern"
"export","generateVariables","internal","function","","","call-dependent","not-applicable",FALSE,FALSE,TRUE,"observed-export-pattern"
"export","getVarCoef","internal","function","","","call-dependent","not-applicable",FALSE,FALSE,TRUE,"observed-export-pattern"
"export","isin","internal","function","","","call-dependent","not-applicable",FALSE,FALSE,TRUE,"observed-export-pattern"
"export","legacy_shocks_from_explicit","internal","function","","","call-dependent","not-applicable",FALSE,FALSE,TRUE,"observed-export-pattern"
"export","loge","internal","function","","","call-dependent","not-applicable",FALSE,FALSE,TRUE,"observed-export-pattern"
"export","normalizeIfCalls","internal","function","","","call-dependent","not-applicable",FALSE,FALSE,TRUE,"observed-export-pattern"
"export","normalizeTabloExpression","internal","function","","","call-dependent","not-applicable",FALSE,FALSE,TRUE,"observed-export-pattern"
"export","processCoefficientStatement","internal","function","","","call-dependent","not-applicable",FALSE,FALSE,TRUE,"observed-export-pattern"
"export","processEquationSetupStatement","internal","function","","","call-dependent","not-applicable",FALSE,FALSE,TRUE,"observed-export-pattern"
"export","processEquationStatement","internal","function","","","call-dependent","not-applicable",FALSE,FALSE,TRUE,"observed-export-pattern"
"export","processFormulaStatement","internal","function","","","call-dependent","not-applicable",FALSE,FALSE,TRUE,"observed-export-pattern"
"export","processReadStatement","internal","function","","","call-dependent","not-applicable",FALSE,FALSE,TRUE,"observed-export-pattern"
"export","processSetStatement","internal","function","","","call-dependent","not-applicable",FALSE,FALSE,TRUE,"observed-export-pattern"
"export","processTablo","internal","function","","","call-dependent","not-applicable",FALSE,FALSE,TRUE,"observed-export-pattern"
"export","processUpdateStatement","internal","function","","","call-dependent","not-applicable",FALSE,FALSE,TRUE,"observed-export-pattern"
"export","readEquationName","internal","function","","","call-dependent","not-applicable",FALSE,FALSE,TRUE,"observed-export-pattern"
"export","readFirstWord","internal","function","","","call-dependent","not-applicable",FALSE,FALSE,TRUE,"observed-export-pattern"
"export","removeComments","internal","function","","","call-dependent","not-applicable",FALSE,FALSE,TRUE,"observed-export-pattern"
"export","removeFunctions","internal","function","","","call-dependent","not-applicable",FALSE,FALSE,TRUE,"observed-export-pattern"
"export","solve_sparse_system","internal","function","","","call-dependent","not-applicable",FALSE,FALSE,TRUE,"observed-export-pattern"
"export","sparse_add_solution","internal","function","","","call-dependent","not-applicable",FALSE,FALSE,TRUE,"observed-export-pattern"
"export","sparse_advance_applied_shocks","internal","function","","","call-dependent","not-applicable",FALSE,FALSE,TRUE,"observed-export-pattern"
"export","sparse_aggregate_triplets","internal","function","","","call-dependent","not-applicable",FALSE,FALSE,TRUE,"observed-export-pattern"
"export","sparse_apply_shocks","internal","function","","","call-dependent","not-applicable",FALSE,FALSE,TRUE,"observed-export-pattern"
"export","sparse_apply_solution","internal","function","","","call-dependent","not-applicable",FALSE,FALSE,TRUE,"observed-export-pattern"
"export","sparse_apply_update_vectorized","internal","function","","","call-dependent","not-applicable",FALSE,FALSE,TRUE,"observed-export-pattern"
"export","sparse_apply_updates","internal","function","","","call-dependent","not-applicable",FALSE,FALSE,TRUE,"observed-export-pattern"
"export","sparse_array_labels","internal","function","","","call-dependent","not-applicable",FALSE,FALSE,TRUE,"observed-export-pattern"
"export","sparse_as_sparsem_csr","internal","function","","","call-dependent","not-applicable",FALSE,FALSE,TRUE,"observed-export-pattern"
"export","sparse_block_binding_code","internal","function","","","call-dependent","not-applicable",FALSE,FALSE,TRUE,"observed-export-pattern"
"export","sparse_block_value_sequence","internal","function","","","call-dependent","not-applicable",FALSE,FALSE,TRUE,"observed-export-pattern"
"export","sparse_btf_solve","internal","function","","","call-dependent","not-applicable",FALSE,FALSE,TRUE,"observed-export-pattern"
"export","sparse_build_index","internal","function","","","call-dependent","not-applicable",FALSE,FALSE,TRUE,"observed-export-pattern"
"export","sparse_build_row_layout","internal","function","","","call-dependent","not-applicable",FALSE,FALSE,TRUE,"observed-export-pattern"
"export","sparse_change_mask","internal","function","","","call-dependent","not-applicable",FALSE,FALSE,TRUE,"observed-export-pattern"
"export","sparse_check_budget","internal","function","","","call-dependent","not-applicable",FALSE,FALSE,TRUE,"observed-export-pattern"
"export","sparse_checkpoint_state","internal","function","","","call-dependent","not-applicable",FALSE,FALSE,TRUE,"observed-export-pattern"
"export","sparse_compact_elimination_partition","internal","function","","","call-dependent","not-applicable",FALSE,FALSE,TRUE,"observed-export-pattern"
"export","sparse_compile_spec","internal","function","","","call-dependent","not-applicable",FALSE,FALSE,TRUE,"observed-export-pattern"
"export","sparse_data_linear_index","internal","function","","","call-dependent","not-applicable",FALSE,FALSE,TRUE,"observed-export-pattern"
"export","sparse_dense_factor","internal","function","","","call-dependent","not-applicable",FALSE,FALSE,TRUE,"observed-export-pattern"
"export","sparse_elimination_cpp","internal","function","","","call-dependent","not-applicable",FALSE,FALSE,TRUE,"observed-export-pattern"
"export","sparse_elimination_family","internal","function","","","call-dependent","not-applicable",FALSE,FALSE,TRUE,"observed-export-pattern"
"export","sparse_elimination_sequence","internal","function","","","call-dependent","not-applicable",FALSE,FALSE,TRUE,"observed-export-pattern"
"export","sparse_emit_system","internal","function","","","call-dependent","not-applicable",FALSE,FALSE,TRUE,"observed-export-pattern"
"export","sparse_emit_system_scalar","internal","function","","","call-dependent","not-applicable",FALSE,FALSE,TRUE,"observed-export-pattern"
"export","sparse_emit_system_vectorized","internal","function","","","call-dependent","not-applicable",FALSE,FALSE,TRUE,"observed-export-pattern"
"export","sparse_endogenous_labels","internal","function","","","call-dependent","not-applicable",FALSE,FALSE,TRUE,"observed-export-pattern"
"export","sparse_equation_block_sequence","internal","function","","","call-dependent","not-applicable",FALSE,FALSE,TRUE,"observed-export-pattern"
"export","sparse_estimate_index_bytes","internal","function","","","call-dependent","not-applicable",FALSE,FALSE,TRUE,"observed-export-pattern"
"export","sparse_estimate_memory","internal","function","","","call-dependent","not-applicable",FALSE,FALSE,TRUE,"observed-export-pattern"
"export","sparse_eval_expr","internal","function","","","call-dependent","not-applicable",FALSE,FALSE,TRUE,"observed-export-pattern"
"export","sparse_eval_expr_vectorized","internal","function","","","call-dependent","not-applicable",FALSE,FALSE,TRUE,"observed-export-pattern"
"export","sparse_exact_schur_apply","internal","function","","","call-dependent","not-applicable",FALSE,FALSE,TRUE,"observed-export-pattern"
"export","sparse_exact_schur_apply_preconditioner","internal","function","","","call-dependent","not-applicable",FALSE,FALSE,TRUE,"observed-export-pattern"
"export","sparse_exact_schur_build","internal","function","","","call-dependent","not-applicable",FALSE,FALSE,TRUE,"observed-export-pattern"
"export","sparse_exact_schur_group_positions","internal","function","","","call-dependent","not-applicable",FALSE,FALSE,TRUE,"observed-export-pattern"
"export","sparse_exact_schur_reconstruct","internal","function","","","call-dependent","not-applicable",FALSE,FALSE,TRUE,"observed-export-pattern"
"export","sparse_exact_schur_reduce_rhs","internal","function","","","call-dependent","not-applicable",FALSE,FALSE,TRUE,"observed-export-pattern"
"export","sparse_exact_schur_solve","internal","function","","","call-dependent","not-applicable",FALSE,FALSE,TRUE,"observed-export-pattern"
"export","sparse_exact_schur_solve_factor","internal","function","","","call-dependent","not-applicable",FALSE,FALSE,TRUE,"observed-export-pattern"
"export","sparse_exact_schur_validate_partition","internal","function","","","call-dependent","not-applicable",FALSE,FALSE,TRUE,"observed-export-pattern"
"export","sparse_exact_structured_solve","internal","function","","","call-dependent","not-applicable",FALSE,FALSE,TRUE,"observed-export-pattern"
"export","sparse_expr_data_names","internal","function","","","call-dependent","not-applicable",FALSE,FALSE,TRUE,"observed-export-pattern"
"export","sparse_expr_has_variable","internal","function","","","call-dependent","not-applicable",FALSE,FALSE,TRUE,"observed-export-pattern"
"export","sparse_expr_set_names","internal","function","","","call-dependent","not-applicable",FALSE,FALSE,TRUE,"observed-export-pattern"
"export","sparse_external_block_partition","internal","function","","","call-dependent","not-applicable",FALSE,FALSE,TRUE,"observed-export-pattern"
"export","sparse_extrapolate_steps","internal","function","","","call-dependent","not-applicable",FALSE,FALSE,TRUE,"observed-export-pattern"
"export","sparse_find_set_values","internal","function","","","call-dependent","not-applicable",FALSE,FALSE,TRUE,"observed-export-pattern"
"export","sparse_for_each_domain","internal","function","","","call-dependent","not-applicable",FALSE,FALSE,TRUE,"observed-export-pattern"
"export","sparse_for_each_sum","internal","function","","","call-dependent","not-applicable",FALSE,FALSE,TRUE,"observed-export-pattern"
"export","sparse_gc_bytes","internal","function","","","call-dependent","not-applicable",FALSE,FALSE,TRUE,"observed-export-pattern"
"export","sparse_global_for_ref","internal","function","","","call-dependent","not-applicable",FALSE,FALSE,TRUE,"observed-export-pattern"
"export","sparse_gtap_elimination_partition","internal","function","","","call-dependent","not-applicable",FALSE,FALSE,TRUE,"observed-export-pattern"
"export","sparse_implicit_exogenous_zero","internal","function","","","call-dependent","not-applicable",FALSE,FALSE,TRUE,"observed-export-pattern"
"export","sparse_infer_simulation_equation_candidates","internal","function","","","call-dependent","not-applicable",FALSE,FALSE,TRUE,"observed-export-pattern"
"export","sparse_initialize_update_target","internal","function","","","call-dependent","not-applicable",FALSE,FALSE,TRUE,"observed-export-pattern"
"export","sparse_initialize_update_targets","internal","function","","","call-dependent","not-applicable",FALSE,FALSE,TRUE,"observed-export-pattern"
"export","sparse_invalidate_pattern","internal","function","","","call-dependent","not-applicable",FALSE,FALSE,TRUE,"observed-export-pattern"
"export","sparse_lhs_column_order","internal","function","","","call-dependent","not-applicable",FALSE,FALSE,TRUE,"observed-export-pattern"
"export","sparse_make_state","internal","function","","","call-dependent","not-applicable",FALSE,FALSE,TRUE,"observed-export-pattern"
"export","sparse_materialize_labels","internal","function","","","call-dependent","not-applicable",FALSE,FALSE,TRUE,"observed-export-pattern"
"export","sparse_mul_expr","internal","function","","","call-dependent","not-applicable",FALSE,FALSE,TRUE,"observed-export-pattern"
"export","sparse_neg_expr","internal","function","","","call-dependent","not-applicable",FALSE,FALSE,TRUE,"observed-export-pattern"
"export","sparse_normalize_shocks","internal","function","","","call-dependent","not-applicable",FALSE,FALSE,TRUE,"observed-export-pattern"
"export","sparse_order_domains","internal","function","","","call-dependent","not-applicable",FALSE,FALSE,TRUE,"observed-export-pattern"
"export","sparse_parse_label","internal","function","","","call-dependent","not-applicable",FALSE,FALSE,TRUE,"observed-export-pattern"
"export","sparse_parse_qualifier","internal","function","","","call-dependent","not-applicable",FALSE,FALSE,TRUE,"observed-export-pattern"
"export","sparse_parse_ref","internal","function","","","call-dependent","not-applicable",FALSE,FALSE,TRUE,"observed-export-pattern"
"export","sparse_pattern_key","internal","function","","","call-dependent","not-applicable",FALSE,FALSE,TRUE,"observed-export-pattern"
"export","sparse_position_for_label","internal","function","","","call-dependent","not-applicable",FALSE,FALSE,TRUE,"observed-export-pattern"
"export","sparse_process_tablo","internal","function","","","call-dependent","not-applicable",FALSE,FALSE,TRUE,"observed-export-pattern"
"export","sparse_project_outputs","internal","function","","","call-dependent","not-applicable",FALSE,FALSE,TRUE,"observed-export-pattern"
"export","sparse_promote_cross_commodity_families","internal","function","","","call-dependent","not-applicable",FALSE,FALSE,TRUE,"observed-export-pattern"
"export","sparse_rebuild_columns","internal","function","","","call-dependent","not-applicable",FALSE,FALSE,TRUE,"observed-export-pattern"
"export","sparse_reduce_system","internal","function","","","call-dependent","not-applicable",FALSE,FALSE,TRUE,"observed-export-pattern"
"export","sparse_ref_global_position","internal","function","","","call-dependent","not-applicable",FALSE,FALSE,TRUE,"observed-export-pattern"
"export","sparse_ref_is_variable","internal","function","","","call-dependent","not-applicable",FALSE,FALSE,TRUE,"observed-export-pattern"
"export","sparse_ref_value","internal","function","","","call-dependent","not-applicable",FALSE,FALSE,TRUE,"observed-export-pattern"
"export","sparse_required_formula_names","internal","function","","","call-dependent","not-applicable",FALSE,FALSE,TRUE,"observed-export-pattern"
"export","sparse_resolve_shocks","internal","function","","","call-dependent","not-applicable",FALSE,FALSE,TRUE,"observed-export-pattern"
"export","sparse_restore_checkpoint","internal","function","","","call-dependent","not-applicable",FALSE,FALSE,TRUE,"observed-export-pattern"
"export","sparse_restrict_index","internal","function","","","call-dependent","not-applicable",FALSE,FALSE,TRUE,"observed-export-pattern"
"export","sparse_scale_dgCMatrix","internal","function","","","call-dependent","not-applicable",FALSE,FALSE,TRUE,"observed-export-pattern"
"export","sparse_schur_apply","internal","function","","","call-dependent","not-applicable",FALSE,FALSE,TRUE,"observed-export-pattern"
"export","sparse_schur_block_multiply","internal","function","","","call-dependent","not-applicable",FALSE,FALSE,TRUE,"observed-export-pattern"
"export","sparse_schur_build","internal","function","","","call-dependent","not-applicable",FALSE,FALSE,TRUE,"observed-export-pattern"
"export","sparse_schur_dmperm_matching","internal","function","","","call-dependent","not-applicable",FALSE,FALSE,TRUE,"observed-export-pattern"
"export","sparse_schur_factor_block","internal","function","","","call-dependent","not-applicable",FALSE,FALSE,TRUE,"observed-export-pattern"
"export","sparse_schur_fgmres","internal","function","","","call-dependent","not-applicable",FALSE,FALSE,TRUE,"observed-export-pattern"
"export","sparse_schur_greedy_matching","internal","function","","","call-dependent","not-applicable",FALSE,FALSE,TRUE,"observed-export-pattern"
"export","sparse_schur_group_layout","internal","function","","","call-dependent","not-applicable",FALSE,FALSE,TRUE,"observed-export-pattern"
"export","sparse_schur_interface_flags","internal","function","","","call-dependent","not-applicable",FALSE,FALSE,TRUE,"observed-export-pattern"
"export","sparse_schur_local_matching","internal","function","","","call-dependent","not-applicable",FALSE,FALSE,TRUE,"observed-export-pattern"
"export","sparse_schur_local_solve","internal","function","","","call-dependent","not-applicable",FALSE,FALSE,TRUE,"observed-export-pattern"
"export","sparse_schur_norm","internal","function","","","call-dependent","not-applicable",FALSE,FALSE,TRUE,"observed-export-pattern"
"export","sparse_schur_require_matrix","internal","function","","","call-dependent","not-applicable",FALSE,FALSE,TRUE,"observed-export-pattern"
"export","sparse_schur_reuse_structure","internal","function","","","call-dependent","not-applicable",FALSE,FALSE,TRUE,"observed-export-pattern"
"export","sparse_schur_solve","internal","function","","","call-dependent","not-applicable",FALSE,FALSE,TRUE,"observed-export-pattern"
"export","sparse_schur_validate_input","internal","function","","","call-dependent","not-applicable",FALSE,FALSE,TRUE,"observed-export-pattern"
"export","sparse_select_simulation_index","internal","function","","","call-dependent","not-applicable",FALSE,FALSE,TRUE,"observed-export-pattern"
"export","sparse_set_closure_state","internal","function","","","call-dependent","not-applicable",FALSE,FALSE,TRUE,"observed-export-pattern"
"export","sparse_set_data_ref","internal","function","","","call-dependent","not-applicable",FALSE,FALSE,TRUE,"observed-export-pattern"
"export","sparse_set_global_value","internal","function","","","call-dependent","not-applicable",FALSE,FALSE,TRUE,"observed-export-pattern"
"export","sparse_set_memory_budget_state","internal","function","","","call-dependent","not-applicable",FALSE,FALSE,TRUE,"observed-export-pattern"
"export","sparse_set_shocks_state","internal","function","","","call-dependent","not-applicable",FALSE,FALSE,TRUE,"observed-export-pattern"
"export","sparse_shock_lookup","internal","function","","","call-dependent","not-applicable",FALSE,FALSE,TRUE,"observed-export-pattern"
"export","sparse_shock_map","internal","function","","","call-dependent","not-applicable",FALSE,FALSE,TRUE,"observed-export-pattern"
"export","sparse_shocks_from_variable_values","internal","function","","","call-dependent","not-applicable",FALSE,FALSE,TRUE,"observed-export-pattern"
"export","sparse_solve_model","internal","function","","","call-dependent","not-applicable",FALSE,FALSE,TRUE,"observed-export-pattern"
"export","sparse_solve_one_step","internal","function","","","call-dependent","not-applicable",FALSE,FALSE,TRUE,"observed-export-pattern"
"export","sparse_state_data","internal","function","","","call-dependent","not-applicable",FALSE,FALSE,TRUE,"observed-export-pattern"
"export","sparse_structured_block_partition","internal","function","","","call-dependent","not-applicable",FALSE,FALSE,TRUE,"observed-export-pattern"
"export","sparse_subset_output","internal","function","","","call-dependent","not-applicable",FALSE,FALSE,TRUE,"observed-export-pattern"
"export","sparse_substep_shocks","internal","function","","","call-dependent","not-applicable",FALSE,FALSE,TRUE,"observed-export-pattern"
"export","sparse_suite_sparse_available","internal","function","","","call-dependent","not-applicable",FALSE,FALSE,TRUE,"observed-export-pattern"
"export","sparse_suite_sparse_cpp","internal","function","","","call-dependent","not-applicable",FALSE,FALSE,TRUE,"observed-export-pattern"
"export","sparse_suite_sparse_ordering","internal","function","","","call-dependent","not-applicable",FALSE,FALSE,TRUE,"observed-export-pattern"
"export","sparse_suite_sparse_solver","internal","function","","","call-dependent","not-applicable",FALSE,FALSE,TRUE,"observed-export-pattern"
"export","sparse_terms_from_expr","internal","function","","","call-dependent","not-applicable",FALSE,FALSE,TRUE,"observed-export-pattern"
"export","sparse_triplet_capacity","internal","function","","","call-dependent","not-applicable",FALSE,FALSE,TRUE,"observed-export-pattern"
"export","sparse_true_residual","internal","function","","","call-dependent","not-applicable",FALSE,FALSE,TRUE,"observed-export-pattern"
"export","sparse_variable_label","internal","function","","","call-dependent","not-applicable",FALSE,FALSE,TRUE,"observed-export-pattern"
"export","sparse_vectorized_bindings","internal","function","","","call-dependent","not-applicable",FALSE,FALSE,TRUE,"observed-export-pattern"
"export","sparse_vectorized_expr_supported","internal","function","","","call-dependent","not-applicable",FALSE,FALSE,TRUE,"observed-export-pattern"
"export","sparse_vectorized_index_value","internal","function","","","call-dependent","not-applicable",FALSE,FALSE,TRUE,"observed-export-pattern"
"export","sparse_vectorized_positions","internal","function","","","call-dependent","not-applicable",FALSE,FALSE,TRUE,"observed-export-pattern"
"export","sparse_vectorized_ref_positions","internal","function","","","call-dependent","not-applicable",FALSE,FALSE,TRUE,"observed-export-pattern"
"export","sumToMap","internal","function","","","call-dependent","not-applicable",FALSE,FALSE,TRUE,"observed-export-pattern"
"export","tabloToR_eliminate_blocks","internal","function","","","call-dependent","not-applicable",FALSE,FALSE,TRUE,"observed-export-pattern"
"export","tabloToR_reconstruct_blocks","internal","function","","","call-dependent","not-applicable",FALSE,FALSE,TRUE,"observed-export-pattern"
"export","tabloToStatements","internal","function","","","call-dependent","not-applicable",FALSE,FALSE,TRUE,"observed-export-pattern"
"export","toVector","internal","function","","","call-dependent","not-applicable",FALSE,FALSE,TRUE,"observed-export-pattern"
"export","unlistVarCoef","internal","function","","","call-dependent","not-applicable",FALSE,FALSE,TRUE,"observed-export-pattern"
"field","basicChangeVariables","compatibility-only","character","","","model-state","portable-logical-state",FALSE,FALSE,TRUE,"declared-reference-class-field"
"field","changeVariables","compatibility-only","character","","","model-state","portable-logical-state",FALSE,FALSE,TRUE,"declared-reference-class-field"
"field","closure","compatibility-only","character","","","model-state","portable-logical-state",TRUE,FALSE,TRUE,"declared-reference-class-field"
"field","compactOutput","compatibility-only","list","","","model-state","portable-logical-state",FALSE,FALSE,TRUE,"declared-reference-class-field"
"field","data","supported","list","","","model-output-and-levels","portable-logical-state",TRUE,FALSE,TRUE,"declared-reference-class-field"
"field","equationCoefficientGenerator","internal","function","","","model-state","excluded-derived-runtime",FALSE,FALSE,TRUE,"declared-reference-class-field"
"field","equationCoefficientMatrixGenerator","internal","function","","","model-state","excluded-derived-runtime",FALSE,FALSE,TRUE,"declared-reference-class-field"
"field","explicitShocks","internal","list","","","model-state","portable-logical-state",FALSE,FALSE,TRUE,"declared-reference-class-field"
"field","generateUpdates","internal","function","","","model-state","excluded-derived-runtime",FALSE,FALSE,TRUE,"declared-reference-class-field"
"field","generateVariables","internal","function","","","model-state","excluded-derived-runtime",FALSE,FALSE,TRUE,"declared-reference-class-field"
"field","lastDiagnostics","compatibility-only","list","","","model-state","portable-logical-state",FALSE,FALSE,TRUE,"declared-reference-class-field"
"field","loadedEngine","compatibility-only","character","","","model-state","portable-logical-state",FALSE,FALSE,TRUE,"declared-reference-class-field"
"field","memoryBudget","compatibility-only","numeric","","","model-state","portable-logical-state",FALSE,FALSE,TRUE,"declared-reference-class-field"
"field","shocks","compatibility-only","numeric","","","model-state","excluded-derived-runtime",TRUE,FALSE,TRUE,"declared-reference-class-field"
"field","skeletonGenerator","internal","function","","","model-state","excluded-derived-runtime",FALSE,FALSE,TRUE,"declared-reference-class-field"
"field","solution","supported","numeric","","","accepted-solution","portable-logical-state",TRUE,FALSE,TRUE,"declared-reference-class-field"
"field","sourceData","internal","list","","","model-state","portable-logical-state",FALSE,FALSE,TRUE,"declared-reference-class-field"
"field","sparseIndex","internal","list","","","model-state","excluded-derived-runtime",FALSE,FALSE,TRUE,"declared-reference-class-field"
"field","sparseSkeletonGenerator","internal","function","","","model-state","excluded-derived-runtime",FALSE,FALSE,TRUE,"declared-reference-class-field"
"field","sparseSpec","internal","list","","","model-state","excluded-derived-runtime",FALSE,FALSE,TRUE,"declared-reference-class-field"
"field","sparseState","internal","environment","","","model-state","excluded-derived-runtime",FALSE,FALSE,TRUE,"declared-reference-class-field"
"field","tabloStatements","internal","list","","","model-state","excluded-derived-runtime",FALSE,FALSE,TRUE,"declared-reference-class-field"
"field","variables","compatibility-only","character","","","model-state","portable-logical-state",FALSE,FALSE,TRUE,"declared-reference-class-field"
"field","variableValues","supported","list","","","legacy-shock-input","portable-logical-state",TRUE,FALSE,TRUE,"declared-reference-class-field"
"method","estimateMemory","supported","function","engine,postsim","engine=c(""legacy"", ""sparse"");postsim=TRUE","memory-estimate-list","not-applicable",TRUE,TRUE,TRUE,"declared-reference-class-method"
"method","generateSolution","compatibility-only","function","subShocks","subShocks=<required>","numeric-solution","not-applicable",FALSE,FALSE,TRUE,"declared-reference-class-method"
"method","loadData","supported","function","inputData,engine","inputData=<required>;engine=c(""legacy"", ""sparse"")","model-state","not-applicable",TRUE,TRUE,TRUE,"declared-reference-class-method"
"method","loadTablo","supported","function","tabloPath","tabloPath=<required>","compiled-model-state","not-applicable",TRUE,FALSE,TRUE,"declared-reference-class-method"
"method","setClosure","supported","function","exogenous_variables","exogenous_variables=<required>","closure-state","not-applicable",TRUE,FALSE,TRUE,"declared-reference-class-method"
"method","setMemoryBudget","supported","function","bytes","bytes=<required>","memory-budget-state","not-applicable",TRUE,FALSE,TRUE,"declared-reference-class-method"
"method","setShocks","supported","function","shocks","shocks=<required>","shock-state","not-applicable",TRUE,FALSE,TRUE,"declared-reference-class-method"
"method","solveModel","supported","function","iter,steps,engine,postsim,diagnostics,output,variables,dimensions,backend,reduction,memory_budget","iter=3;steps=c(1, 3);engine=c(""legacy"", ""sparse"");postsim=TRUE;diagnostics=FALSE;output=c(""full"", ""compact"");variables=NULL;dimensions=NULL;backend=""Matrix"";reduction=c(""auto"", ""off"", ""on"");memory_budget=NULL","model-solution-and-output","not-applicable",TRUE,TRUE,TRUE,"declared-reference-class-method"
"backend","Matrix","supported","character-value","","","solution-candidate","not-applicable",FALSE,TRUE,TRUE,"default-generic-reference"
"backend","SparseM","compatibility-only","character-value","","","solution-candidate","not-applicable",FALSE,FALSE,TRUE,"explicit-backend-value"
"backend","StructuredSchur","supported","character-value","","","solution-candidate","not-applicable",FALSE,FALSE,TRUE,"explicit-backend-value"
"backend","StructuredSchurFGMRES","supported","character-value","","","solution-candidate","not-applicable",FALSE,FALSE,TRUE,"explicit-backend-value"
"backend","StructuredSchurFGMRESCpp","compatibility-only","character-value","","","solution-candidate","not-applicable",FALSE,FALSE,TRUE,"explicit-backend-value"
"backend","SuiteSparse","compatibility-only","character-value","","","solution-candidate","not-applicable",FALSE,FALSE,TRUE,"explicit-backend-value"
"serialization","raw-saveRDS-model","compatibility-only","R-object","","","model-roundtrip","same-version-best-effort",FALSE,FALSE,TRUE,"raw-reference-object-persistence-is-not-portable-authority"
"authority","legacy","compatibility-only","solver-role","","","compatibility-smoke","not-applicable",FALSE,FALSE,TRUE,"workflow-only-not-numerical-oracle"
"authority","Matrix","supported","solver-role","","","numerical-reference","not-applicable",FALSE,FALSE,TRUE,"generic-sparse-authority"
"authority","StructuredSchurFGMRES","supported","solver-role","","","numerical-reference","not-applicable",FALSE,FALSE,TRUE,"structured-R-authority"
"structural","empty","supported","edge-case","","","structural-descriptor","reviewable-manifest",FALSE,FALSE,TRUE,"deterministic-synthetic-case"
"structural","singleton","supported","edge-case","","","structural-descriptor","reviewable-manifest",FALSE,FALSE,TRUE,"deterministic-synthetic-case"
"structural","NULL","supported","edge-case","","","structural-descriptor","reviewable-manifest",FALSE,FALSE,TRUE,"deterministic-synthetic-case"
"structural","character-encoding","supported","edge-case","","","structural-descriptor","reviewable-manifest",FALSE,FALSE,TRUE,"deterministic-synthetic-case"
"structural","indexed","supported","edge-case","","","structural-descriptor","reviewable-manifest",FALSE,FALSE,TRUE,"deterministic-synthetic-case"
"structural","omitted-explicit-default","supported","edge-case","","","structural-descriptor","reviewable-manifest",FALSE,FALSE,TRUE,"deterministic-synthetic-case"
"internal",".sparse_accept_candidate","internal","function","candidate,expected_structure,reference,solution_atol,solution_rtol,residual_tolerance,diagnostics","expected_structure=NULL;reference=NULL;solution_atol=0;solution_rtol=0;residual_tolerance=2e-7;diagnostics=FALSE","accepted-candidate-and-residual-metadata","not-applicable",FALSE,FALSE,TRUE,"backend-neutral-pre-mutation-finiteness-structure-value-and-true-residual-gate"
"internal",".sparse_solve_one_step_impl","internal","function","state,model,index,shocks,backend,reduction,measure,structured_partition,candidate_transform","measure=FALSE;structured_partition=NULL;candidate_transform=NULL","accepted-one-step-candidate-before-state-application","not-applicable",FALSE,FALSE,TRUE,"internal-fault-injection-seam-kept-outside-broad-alphabetic-exports"
"internal",".commit_accepted_state","internal","function","model,record","","accepted-state-commit","not-applicable",FALSE,FALSE,TRUE,"single-commit-seam-for-transactionally-accepted-solver-state"
