setup_r_alias,resolved_r_version,os,build_mode,candidate_label,matrix_version,source_install_result,solver_test_result,run_id,run_attempt,job_id,job_name,job_conclusion,source_step,solver_step,artifact_id,artifact_name,artifact_digest,payload_file,payload_md5,payload_sha256,failure_log_file,failure_log_md5,failure_log_sha256,failure_reason
oldrel-1,4.5.3,Windows,serial,minimum,1.6-5,success,success,37277215498,1,111656995106,Windows / R oldrel-1 / Matrix minimum / serial,success,success,success,11331490886,matrix-candidate-37277215498-1-oldrel-1-minimum-Windows-serial,sha256:f1db96241fb94782e10e72d8d28e1d1c12a1796c28adac7aff7a5ff359ec451d,payloads-37277215498-1/111656995106.csv,83ca1f55095324ccb1e4c5cdf4258a13,fd7e562af06de390d13c6d15ef2308414908e4328d1071b1bb3af4d6fa5dcbf6,none,none,none,none
devel,4.7.0,macOS,serial,current,1.7-6,success,success,37277215498,1,111656995270,macOS / R devel / Matrix current / serial,success,success,success,11331400445,matrix-candidate-37277215498-1-devel-current-macOS-serial,sha256:783c567dc939fd14bca6fdbf16c7a64ab3da29a768eae256724e362567784bcf,payloads-37277215498-1/111656995270.csv,bd2dade425e89988425286ffe9442ae9,d2a81ff9a2fbfe16031e3685e737eb06d97fb4c115fd52777b5388ed92164b96,none,none,none,none
release,4.6.1,macOS,serial,current,1.7-6,success,success,37277215498,1,111656995199,macOS / R release / Matrix current / serial,success,success,success,11331365141,matrix-candidate-37277215498-1-release-current-macOS-serial,sha256:9a82dc71ff844e35ae9f501ccc32808e0f35e7b6f4b57cd64cc4638649f0c301,payloads-37277215498-1/111656995199.csv,b0dd3cef00e802ac005a428832ea38f4,9d6048365f2bc9ae685497fa0a4c64f6e4468eab63ffee8a3fd026f812d8e11a,none,none,none,none
release,4.6.1,Linux,openmp,minimum,1.6-5,success,success,37277215498,1,111656995037,Linux / R release / Matrix minimum / openmp,success,success,success,11331335166,matrix-candidate-37277215498-1-release-minimum-Linux-openmp,sha256:717915e87d19a6c9b377c4a5a728050f04062636b1f7d91aef463c39dcf245ca,payloads-37277215498-1/111656995037.csv,108c7c09b63403d47532deabac1eddea,2186ce890c2c9b0d00601b821b44a4af4569bd88fa457cec4e67f5e6957f3d38,none,none,none,none
devel,4.7.0,Linux,serial,minimum,1.6-5,success,success,37277215498,1,111656995137,Linux / R devel / Matrix minimum / serial,success,success,success,11331260728,matrix-candidate-37277215498-1-devel-minimum-Linux-serial,sha256:636e55eeed49f8022cf101491d4992952c9b1c4e9bff7c3eca749146e21cc338,payloads-37277215498-1/111656995137.csv,1a53a89e5d5bb9c20fd371530209a022,11b40ea48f88802f93788233e957f106898910931634aea78844e4278d8fd1c3,none,none,none,none
oldrel-1,4.5.3,Linux,serial,current,1.7-6,success,success,37277215498,1,111656995303,Linux / R oldrel-1 / Matrix current / serial,success,success,success,11331220725,matrix-candidate-37277215498-1-oldrel-1-current-Linux-serial,sha256:226cdbc88094ea4d4a0c4824c9da91fd2b8bc3730b4091bf3e9945eff11ccdab,payloads-37277215498-1/111656995303.csv,07727c1c91ca74a89db8d13a6b691c49,9e53b0280a5d39d12a8addec17cdb9468b361f79d44726645ecf2f884372a785,none,none,none,none
oldrel-1,4.5.3,Linux,serial,minimum,1.6-5,success,success,37277215498,1,111656995089,Linux / R oldrel-1 / Matrix minimum / serial,success,success,success,11331190811,matrix-candidate-37277215498-1-oldrel-1-minimum-Linux-serial,sha256:a5bf44025fcad8c07afda5c1b84a7b0743ba7ae9b65453970591d94e17dc3708,payloads-37277215498-1/111656995089.csv,6a5e86384798f3af74efd6710053017d,93c4a9acb22a1e2c5c56966d417d48ae1a27cd68532008883da99ac447d094bd,none,none,none,none
oldrel-1,4.5.3,macOS,serial,current,1.7-6,success,success,37277215498,1,111656995190,macOS / R oldrel-1 / Matrix current / serial,success,success,success,11331136115,matrix-candidate-37277215498-1-oldrel-1-current-macOS-serial,sha256:cd5f45a9d3a35338f2de12bfbc72b37c00bc775b1104597cd08c6c1d37285d01,payloads-37277215498-1/111656995190.csv,50a3c0f9660621597d6bc6b852a8cbdd,308b330cd208064334da7480b89fcd4a309599f5cce5895b9846c5967538ed35,none,none,none,none
devel,4.7.0,Linux,openmp,minimum,1.6-5,success,success,37277215498,1,111656995216,Linux / R devel / Matrix minimum / openmp,success,success,success,11331116607,matrix-candidate-37277215498-1-devel-minimum-Linux-openmp,sha256:416af7c22c92ccb0547116619620dc19d0af9dc888d811754a18ea369b86fb4b,payloads-37277215498-1/111656995216.csv,2da7cc2082d9cbaae3aba8ab48d14463,36517f9645a93f7cc3ad4295c87c21775297114edaa4bd264240909a67449991,none,none,none,none
release,4.6.1,Windows,openmp,current,1.7-6,success,success,37277215498,1,111656995171,Windows / R release / Matrix current / openmp,success,success,success,11331111569,matrix-candidate-37277215498-1-release-current-Windows-openmp,sha256:13ae2e9aad3671724a0e618e8c655ccb16820702e3cc9bb317341e0dd4ae6bab,payloads-37277215498-1/111656995171.csv,31929726ca47d824179d9375cf72acb3,ea2e0a00977048d5601cf0421b13769783cb48797955522feffe21c3e9f0ecbd,none,none,none,none
release,4.6.1,Windows,serial,current,1.7-6,success,success,37277215498,1,111656995086,Windows / R release / Matrix current / serial,success,success,success,11331032498,matrix-candidate-37277215498-1-release-current-Windows-serial,sha256:7d55a81665b1d151384d8278d093de2e318708309516ac19d34605a29877fb0a,payloads-37277215498-1/111656995086.csv,155ba8874cd6d0e3092b4166316215b1,a46380d3727b2b2f698c312291cdc82545da7c53bc81e1f226f63dfb5a10867e,none,none,none,none
release,4.6.1,Linux,serial,minimum,1.6-5,success,success,37277215498,1,111656995027,Linux / R release / Matrix minimum / serial,success,success,success,11330976597,matrix-candidate-37277215498-1-release-minimum-Linux-serial,sha256:ca847bf6041de27617a9c9cb57716c35151c1f6dd961cd6f4e9aef3390908dae,payloads-37277215498-1/111656995027.csv,6bb7c4ab8774827f642d186b7043dbd3,3222239b34279d1d0c73111d10eefb4c86179273653db8cf666409adec5274eb,none,none,none,none
oldrel-1,4.5.3,Windows,openmp,minimum,1.6-5,success,success,37277215498,1,111656995198,Windows / R oldrel-1 / Matrix minimum / openmp,success,success,success,11330647471,matrix-candidate-37277215498-1-oldrel-1-minimum-Windows-openmp,sha256:3e69ff40d992931edc95278d2e25ac3c9f29046ee3b6262fffadf793a754c122,payloads-37277215498-1/111656995198.csv,eadbfdda2b14033ad71971ffc6273ab7,e5cd825deab36cae0ae596c561f28b43199ab2ec9ebe78f3a1647831a40a2fd2,none,none,none,none
oldrel-1,4.5.3,Linux,openmp,minimum,1.6-5,success,success,37277215498,1,111656995155,Linux / R oldrel-1 / Matrix minimum / openmp,success,success,success,11330643739,matrix-candidate-37277215498-1-oldrel-1-minimum-Linux-openmp,sha256:41b7f51b3f0a5e8dc6f714148121626379e14d7d333a60cf9ba9dd778de19207,payloads-37277215498-1/111656995155.csv,33ddc58f7ae175f12508aad87ff9ef81,896d35ab62fb4e65352a83deb5b771597c00ff3e59e6de4cb73151737aa88c33,none,none,none,none
oldrel-1,4.5.3,Windows,serial,current,1.7-6,success,success,37277215498,1,111656995164,Windows / R oldrel-1 / Matrix current / serial,success,success,success,11330594001,matrix-candidate-37277215498-1-oldrel-1-current-Windows-serial,sha256:009c599751d1fb7208162f07c76db31433952e96dae4b2f075ba662a574cf002,payloads-37277215498-1/111656995164.csv,e8cb931c5cc88e05b3562e0c9a33e8e0,5fc053ae5d8b20e24fc5db86bb589ab832bddf5bcdf9253c7f65ed5f22a5dc9f,none,none,none,none
release,4.6.1,Linux,serial,current,1.7-6,success,success,37277215498,1,111656995098,Linux / R release / Matrix current / serial,success,success,success,11330553851,matrix-candidate-37277215498-1-release-current-Linux-serial,sha256:1b80aa02259aac9c9de437c89145f074e5f4dc103af89bcaeaa0e60503a35778,payloads-37277215498-1/111656995098.csv,e9545cb26dc2888aae9d32058cf3ca89,766f25002c92bc08593ad7d5fa0897c0171afe9b89c810867f48cda54c91db41,none,none,none,none
devel,4.7.0,Linux,openmp,current,1.7-6,success,success,37277215498,1,111656995268,Linux / R devel / Matrix current / openmp,success,success,success,11330489307,matrix-candidate-37277215498-1-devel-current-Linux-openmp,sha256:3e8e570cbac38311bc18d5912ab41462fc1d84bf210c870139905ac1cdeacde4,payloads-37277215498-1/111656995268.csv,04fc3be1756b15b3fcb28befabb3f22e,67ecf0c7ca2118d3f4c286d769f7ad3d5b271df98fdc098c8232e80fdffa85ca,none,none,none,none
devel,4.7.0,Windows,openmp,current,1.7-6,success,success,37277215498,1,111656995259,Windows / R devel / Matrix current / openmp,success,success,success,11330478035,matrix-candidate-37277215498-1-devel-current-Windows-openmp,sha256:ebd2c1831f65376230486e214a664d497471c9aefff710a4d02d4498b4ca6fef,payloads-37277215498-1/111656995259.csv,e9d7957663248f9207e5bcef18f43ddb,8d310ce17e8b54178f5cfdec8b1b79ef218737e000744ea56b0eb883bfe3bace,none,none,none,none
release,4.6.1,Linux,openmp,current,1.7-6,success,success,37277215498,1,111656995100,Linux / R release / Matrix current / openmp,success,success,success,11330474473,matrix-candidate-37277215498-1-release-current-Linux-openmp,sha256:7308602739589484e06025cd0925805a78d5760de7646e088bcc196f5bb59726,payloads-37277215498-1/111656995100.csv,15ecd202ef22c42fc0e41ddadd6a6d44,0f97df4d6de9f9ed4c49f1f1334e4d2069227cbad5539c057ed4c184331ae602,none,none,none,none
devel,4.7.0,Windows,serial,current,1.7-6,success,success,37277215498,1,111656995142,Windows / R devel / Matrix current / serial,success,success,success,11330474313,matrix-candidate-37277215498-1-devel-current-Windows-serial,sha256:817531817e6b27a366af83da4acb91a627d9dea2488db63d8401debba244db4c,payloads-37277215498-1/111656995142.csv,2555deedd72928a73dc59557186af124,1df520277b076905a798a34cbf1fc5c5821c35f97886e0a00619e75769788c91,none,none,none,none
oldrel-1,4.5.3,macOS,serial,minimum,1.6-5,success,success,37277215498,1,111656995169,macOS / R oldrel-1 / Matrix minimum / serial,success,success,success,11330404421,matrix-candidate-37277215498-1-oldrel-1-minimum-macOS-serial,sha256:d9ab3eab12bb23df2a55ab7643cef7272c2a96d547f43aa0c4d92a92942addcd,payloads-37277215498-1/111656995169.csv,bb7e56a787c311929b0b30d95c51de6b,9d41da471f10d53ec2c9aac21fe37986904d802d2854e6ce041cda52eba9db72,none,none,none,none
oldrel-1,4.5.3,Windows,openmp,current,1.7-6,success,success,37277215498,1,111656995211,Windows / R oldrel-1 / Matrix current / openmp,success,success,success,11330364899,matrix-candidate-37277215498-1-oldrel-1-current-Windows-openmp,sha256:8fcba51534b57e0a1bfb7010f76906bd789d2a6262521d3bc0d3535d660f1030,payloads-37277215498-1/111656995211.csv,81b8b9ad09496e55168475ecbe36e358,f3c6d69f6d313c4ce8a9509994ccd1bb2c3e7f7a777b59f19a41bfb804a15801,none,none,none,none
devel,4.7.0,Linux,serial,current,1.7-6,success,success,37277215498,1,111656995215,Linux / R devel / Matrix current / serial,success,success,success,11330298519,matrix-candidate-37277215498-1-devel-current-Linux-serial,sha256:2301ded7281bae6ab681c7dc23ec15165f34b2ac7f823aed411e160664858449,payloads-37277215498-1/111656995215.csv,301eff5206d2ca326df341066bca961a,afa427019eeaff72eb0d8a7c6710d30cd2aa90f7eb2e2d3bb4699147d05e67ab,none,none,none,none
oldrel-1,4.5.3,Linux,openmp,current,1.7-6,success,success,37277215498,1,111656995228,Linux / R oldrel-1 / Matrix current / openmp,success,success,success,11330268349,matrix-candidate-37277215498-1-oldrel-1-current-Linux-openmp,sha256:c37f9bdddf23f682b5f006f358aecb073f8aa9ded7fe28e7369a298b5073cb59,payloads-37277215498-1/111656995228.csv,2a9152a24fb6a035ca083b7350a9cb7e,cd8cbee9cd4e049ceff1cbd9fb41bbde856ad4ce9ea6541147b22a5de47e3aa6,none,none,none,none
