setup_r_alias,resolved_r_version,os,build_mode,candidate_label,matrix_version,source_install_result,solver_test_result,run_id
devel,4.7.0,Linux,openmp,current,1.7-6,success,success,37277215498
devel,4.7.0,Linux,serial,current,1.7-6,success,success,37277215498
devel,4.7.0,Windows,openmp,current,1.7-6,success,success,37277215498
devel,4.7.0,Windows,serial,current,1.7-6,success,success,37277215498
devel,4.7.0,macOS,serial,current,1.7-6,success,success,37277215498
devel,4.7.0,Linux,openmp,minimum,1.6-5,success,success,37277215498
devel,4.7.0,Linux,serial,minimum,1.6-5,success,success,37277215498
oldrel-1,4.5.3,Linux,openmp,current,1.7-6,success,success,37277215498
oldrel-1,4.5.3,Linux,serial,current,1.7-6,success,success,37277215498
oldrel-1,4.5.3,Windows,openmp,current,1.7-6,success,success,37277215498
oldrel-1,4.5.3,Windows,serial,current,1.7-6,success,success,37277215498
oldrel-1,4.5.3,macOS,serial,current,1.7-6,success,success,37277215498
oldrel-1,4.5.3,Linux,openmp,minimum,1.6-5,success,success,37277215498
oldrel-1,4.5.3,Linux,serial,minimum,1.6-5,success,success,37277215498
oldrel-1,4.5.3,Windows,openmp,minimum,1.6-5,success,success,37277215498
oldrel-1,4.5.3,Windows,serial,minimum,1.6-5,success,success,37277215498
oldrel-1,4.5.3,macOS,serial,minimum,1.6-5,success,success,37277215498
release,4.6.1,Linux,openmp,current,1.7-6,success,success,37277215498
release,4.6.1,Linux,serial,current,1.7-6,success,success,37277215498
release,4.6.1,Windows,openmp,current,1.7-6,success,success,37277215498
release,4.6.1,Windows,serial,current,1.7-6,success,success,37277215498
release,4.6.1,macOS,serial,current,1.7-6,success,success,37277215498
release,4.6.1,Linux,openmp,minimum,1.6-5,success,success,37277215498
release,4.6.1,Linux,serial,minimum,1.6-5,success,success,37277215498
